{
  "Acton Lane 22kV": {
    "E09000005": 0.775,
    "E09000007": 0.225
  },
  "Amersham": {
    "E06000060": 0.622222222222,
    "E10000025": 0.311111111111
  },
  "Barking 132": {
    "E09000002": 0.10447761194,
    "E09000016": 0.865671641791,
    "E09000026": 0.014925373134,
    "E10000012": 0.014925373134
  },
  "Barking 132kV GIS": {
    "E09000025": 1.0
  },
  "Barking West (EPN)": {
    "E09000002": 1.0
  },
  "Barking West 33kV": {
    "E09000002": 0.318518518519,
    "E09000004": 0.155555555556,
    "E09000011": 0.281481481481,
    "E09000012": 0.059259259259,
    "E09000016": 0.007407407407,
    "E09000025": 0.007407407407,
    "E09000030": 0.17037037037
  },
  "Beddington 132kV Hurst 132kV": {
    "E09000004": 0.009090909091,
    "E09000011": 0.490909090909
  },
  "Beddington SGT": {
    "E09000004": 0.004909983633,
    "E09000006": 0.299509001637,
    "E09000008": 0.374795417349,
    "E09000022": 0.001636661211,
    "E09000023": 0.006546644845,
    "E09000024": 0.001636661211,
    "E09000029": 0.18821603928,
    "E10000016": 0.009819967267,
    "E10000030": 0.112929623568
  },
  "Bengeworth Road 132kV GIS": {
    "E09000011": 0.114457831325,
    "E09000022": 0.326470588235,
    "E09000023": 0.186746987952,
    "E09000028": 0.232246633593,
    "E09000030": 0.078313253012,
    "E09000032": 0.061764705882
  },
  "Biggleswade": {
    "E06000055": 0.025641025641,
    "E06000056": 0.198717948718,
    "E06000061": 0.012820512821,
    "E10000003": 0.75
  },
  "Bolney SGT": {
    "E06000043": 0.25386996904,
    "E10000011": 0.012383900929,
    "E10000030": 0.134674922601,
    "E10000032": 0.589783281734
  },
  "Bourne": {
    "E06000031": 0.360856269113,
    "E06000061": 0.006116207951,
    "E10000003": 0.232415902141,
    "E10000019": 0.006116207951,
    "E10000020": 0.394495412844
  },
  "Braintree": {
    "E06000033": 0.198895027624,
    "E10000012": 0.801104972376
  },
  "Bramford": {
    "E10000003": 0.001941747573,
    "E10000012": 0.24854368932,
    "E10000020": 0.095145631068,
    "E10000029": 0.654368932039
  },
  "Brimsdown": {
    "E09000026": 0.802816901408,
    "E10000012": 0.197183098592
  },
  "Brimsdown (EPN)": {
    "E09000003": 0.22265625,
    "E09000010": 0.357421875,
    "E09000014": 0.01171875,
    "E09000015": 0.01171875,
    "E09000026": 0.021484375,
    "E09000031": 0.068359375,
    "E10000012": 0.080078125,
    "E10000015": 0.2265625
  },
  "Burwell": {
    "E10000003": 0.938775510204,
    "E10000029": 0.061224489796
  },
  "Canterbury SGT": {
    "E10000016": 1.0
  },
  "Chessington SGT 1 & SGT 4A": {
    "E09000021": 0.157407407407,
    "E09000029": 0.055555555556,
    "E10000030": 0.787037037037
  },
  "Chessington SGT 2 & SGT 4B": {
    "E09000018": 0.010101010101,
    "E09000021": 0.515151515152,
    "E09000027": 0.30303030303,
    "E10000030": 0.141414141414
  },
  "City Road 132kV": {
    "E09000001": 0.071428571429,
    "E09000007": 0.057142857143,
    "E09000012": 0.2,
    "E09000019": 0.1,
    "E09000028": 0.571428571429
  },
  "Eaton Socon": {
    "E06000055": 0.025641025641,
    "E06000056": 0.198717948718,
    "E06000061": 0.012820512821,
    "E10000003": 0.75
  },
  "Elstree 1&2 and 8&9 and Watford South 3A&3B": {
    "E06000060": 0.10663507109,
    "E09000005": 0.075829383886,
    "E09000009": 0.009478672986,
    "E09000015": 0.14691943128,
    "E09000017": 0.111374407583,
    "E10000015": 0.523696682464
  },
  "Elstree 3&4": {
    "E10000015": 1.0
  },
  "Grendon": {
    "E06000032": 0.248015873016,
    "E06000042": 0.007936507937,
    "E06000055": 0.222222222222,
    "E06000056": 0.246031746032,
    "E06000060": 0.174603174603,
    "E10000015": 0.081349206349,
    "E10000025": 0.001984126984
  },
  "Hackney 132kV": {
    "E09000001": 0.022222222222,
    "E09000012": 0.488888888889,
    "E09000019": 0.177777777778,
    "E09000025": 0.044444444444,
    "E09000030": 0.266666666667
  },
  "Hackney Supergrid 66kV": {
    "E09000012": 0.349282296651,
    "E09000019": 0.076555023923,
    "E09000025": 0.1004784689,
    "E09000026": 0.057416267943,
    "E09000031": 0.416267942584
  },
  "Islington 132kV": {
    "E09000007": 0.470588235294,
    "E09000012": 0.006535947712,
    "E09000019": 0.503267973856,
    "E09000033": 0.019607843137
  },
  "Kemsley SGT": {
    "E06000035": 0.285714285714,
    "E10000016": 0.714285714286
  },
  "Kemsley SGT 3A": {
    "E06000035": 0.285714285714,
    "E10000016": 0.714285714286
  },
  "Kemsley SGT1 & 2": {
    "E06000035": 0.285714285714,
    "E10000016": 0.714285714286
  },
  "Kingsnorth SGT": {
    "E06000035": 0.860606060606,
    "E10000016": 0.139393939394
  },
  "Laleham SGT": {
    "E09000018": 0.013888888889,
    "E09000021": 0.013888888889,
    "E09000027": 0.847222222222
  },
  "Little Horsted SGT": {
    "E06000043": 0.003003003003,
    "E10000011": 0.933933933934,
    "E10000016": 0.063063063063
  },
  "Littlebrook 132kV": {
    "E09000004": 0.72,
    "E10000016": 0.28
  },
  "Littlebrook SGT": {
    "E09000004": 0.12,
    "E09000006": 0.2,
    "E10000016": 0.68
  },
  "Lodge Road 66kV": {
    "E09000007": 0.441860465116,
    "E09000020": 0.313953488372,
    "E09000033": 0.244186046512
  },
  "Mill Hill and Hendon": {
    "E09000003": 0.76,
    "E09000005": 0.168,
    "E09000015": 0.072
  },
  "New Cross 132kV": {
    "E09000011": 0.114457831325,
    "E09000022": 0.326470588235,
    "E09000023": 0.186746987952,
    "E09000028": 0.232246633593,
    "E09000030": 0.078313253012,
    "E09000032": 0.061764705882
  },
  "New Cross 132kV to Wimbledon 1 and 2 132kV": {
    "E09000011": 0.114457831325,
    "E09000022": 0.326470588235,
    "E09000023": 0.186746987952,
    "E09000028": 0.232246633593,
    "E09000030": 0.078313253012,
    "E09000032": 0.061764705882
  },
  "New Cross 66kV": {
    "E09000022": 0.05376344086,
    "E09000023": 0.225806451613,
    "E09000028": 0.720430107527
  },
  "Ninfield SGT": {
    "E06000043": 0.003003003003,
    "E10000011": 0.933933933934,
    "E10000016": 0.063063063063
  },
  "Northfleet SGT": {
    "E06000034": 0.013487475915,
    "E06000035": 0.003853564547,
    "E09000004": 0.057803468208,
    "E09000006": 0.02119460501,
    "E09000011": 0.094412331407,
    "E09000023": 0.229287090559,
    "E09000028": 0.011560693642,
    "E10000011": 0.005780346821,
    "E10000016": 0.508670520231,
    "E10000030": 0.02119460501,
    "E10000032": 0.032755298651
  },
  "Norwich": {
    "E10000020": 0.882075471698,
    "E10000029": 0.117924528302
  },
  "Pelham and Wymondley": {
    "E06000056": 0.0625,
    "E10000003": 0.053125,
    "E10000012": 0.1875,
    "E10000015": 0.540625,
    "E10000029": 0.15625
  },
  "Pelham and Wymondley and Twinstead Green": {
    "E06000056": 0.0625,
    "E10000003": 0.053125,
    "E10000012": 0.1875,
    "E10000015": 0.540625,
    "E10000029": 0.15625
  },
  "Rayleigh": {
    "E06000033": 0.198895027624,
    "E10000012": 0.801104972376
  },
  "Redbridge Supergrid 33kV": {
    "E09000002": 0.084033613445,
    "E09000025": 0.218487394958,
    "E09000026": 0.697478991597
  },
  "Rye House": {
    "E10000012": 0.463157894737,
    "E10000015": 0.536842105263
  },
  "Sellindge SGT2 & 3 & Richborough SGT": {
    "E06000035": 0.03036437247,
    "E10000011": 0.02024291498,
    "E10000016": 0.949392712551
  },
  "Sellindge SGT5A SGT6": {
    "E06000035": 0.03036437247,
    "E10000011": 0.02024291498,
    "E10000016": 0.949392712551
  },
  "St Johns Wood 132kV": {
    "E09000007": 0.04,
    "E09000020": 0.366666666667,
    "E09000033": 0.593333333333
  },
  "Sundon": {
    "E06000032": 0.248015873016,
    "E06000042": 0.007936507937,
    "E06000055": 0.222222222222,
    "E06000056": 0.246031746032,
    "E06000060": 0.174603174603,
    "E10000015": 0.081349206349,
    "E10000025": 0.001984126984
  },
  "Tilbury 1&7": {
    "E06000034": 0.379310344828,
    "E09000016": 0.224137931034,
    "E10000012": 0.396551724138
  },
  "Tilbury 2&8": {
    "E06000034": 0.291666666667,
    "E10000012": 0.708333333333
  },