{
  "Acton Lane 22kV": {
    "E37000051": 1.0
  },
  "Amersham": {
    "E37000043": 0.622222222222,
    "E37000053": 0.311111111111
  },
  "Barking 132": {
    "E37000051": 0.985074626866,
    "E37000056": 0.014925373134
  },
  "Barking 132kV GIS": {
    "E37000051": 1.0
  },
  "Barking West (EPN)": {
    "E37000051": 1.0
  },
  "Barking West 33kV": {
    "E37000051": 1.0
  },
  "Beddington 132kV Hurst 132kV": {
    "E37000051": 0.5
  },
  "Beddington SGT": {
    "E37000044": 0.112929623568,
    "E37000051": 0.877250409165,
    "E37000056": 0.009819967267
  },
  "Bengeworth Road 132kV GIS": {
    "E37000051": 1.0
  },
  "Biggleswade": {
    "E37000057": 0.237179487179,
    "E37000059": 0.75
  },
  "Bolney SGT": {
    "E37000044": 0.956656346749,
    "E37000046": 0.021671826625,
    "E37000056": 0.012383900929
  },
  "Bourne": {
    "E37000052": 0.394495412844,
    "E37000057": 0.006116207951,
    "E37000059": 0.593272171254,
    "E37000060": 0.006116207951
  },
  "Braintree": {
    "E37000056": 1.0
  },
  "Bramford": {
    "E37000052": 0.749514563107,
    "E37000056": 0.24854368932,
    "E37000059": 0.001941747573
  },
  "Brimsdown": {
    "E37000051": 0.802816901408,
    "E37000056": 0.197183098592
  },
  "Brimsdown (EPN)": {
    "E37000048": 0.2265625,
    "E37000051": 0.693359375,
    "E37000056": 0.080078125
  },
  "Burwell": {
    "E37000052": 0.061224489796,
    "E37000059": 0.938775510204
  },
  "Canterbury SGT": {
    "E37000056": 1.0
  },
  "Chessington SGT 1 & SGT 4A": {
    "E37000044": 0.388888888889,
    "E37000046": 0.398148148148,
    "E37000051": 0.212962962963
  },
  "Chessington SGT 2 & SGT 4B": {
    "E37000046": 0.141414141414,
    "E37000051": 0.828282828283
  },
  "City Road 132kV": {
    "E37000051": 1.0
  },
  "Eaton Socon": {
    "E37000057": 0.237179487179,
    "E37000059": 0.75
  },
  "Elstree 1&2 and 8&9 and Watford South 3A&3B": {
    "E37000043": 0.10663507109,
    "E37000048": 0.523696682464,
    "E37000051": 0.343601895735
  },
  "Elstree 3&4": {
    "E37000048": 1.0
  },
  "Grendon": {
    "E37000043": 0.174603174603,
    "E37000048": 0.081349206349,
    "E37000053": 0.001984126984,
    "E37000057": 0.724206349206
  },
  "Hackney 132kV": {
    "E37000051": 1.0
  },
  "Hackney Supergrid 66kV": {
    "E37000051": 1.0
  },
  "Islington 132kV": {
    "E37000051": 1.0
  },
  "Kemsley SGT": {
    "E37000056": 1.0
  },
  "Kemsley SGT 3A": {
    "E37000056": 1.0
  },
  "Kemsley SGT1 & 2": {
    "E37000056": 1.0
  },
  "Kingsnorth SGT": {
    "E37000056": 1.0
  },
  "Laleham SGT": {
    "E37000051": 0.875
  },
  "Little Horsted SGT": {
    "E37000044": 0.003003003003,
    "E37000056": 0.996996996997
  },
  "Littlebrook 132kV": {
    "E37000051": 0.72,
    "E37000056": 0.28
  },
  "Littlebrook SGT": {
    "E37000051": 0.32,
    "E37000056": 0.68
  },
  "Lodge Road 66kV": {
    "E37000051": 1.0
  },
  "Mill Hill and Hendon": {
    "E37000051": 1.0
  },
  "New Cross 132kV": {
    "E37000051": 1.0
  },
  "New Cross 132kV to Wimbledon 1 and 2 132kV": {
    "E37000051": 1.0
  },
  "New Cross 66kV": {
    "E37000051": 1.0
  },
  "Ninfield SGT": {
    "E37000044": 0.003003003003,
    "E37000056": 0.996996996997
  },
  "Northfleet SGT": {
    "E37000044": 0.053949903661,
    "E37000051": 0.414258188825,
    "E37000056": 0.531791907514
  },
  "Norwich": {
    "E37000052": 1.0
  },
  "Pelham and Wymondley": {
    "E37000048": 0.540625,
    "E37000052": 0.15625,
    "E37000056": 0.1875,
    "E37000057": 0.0625,
    "E37000059": 0.053125
  },
  "Pelham and Wymondley and Twinstead Green": {
    "E37000048": 0.540625,
    "E37000052": 0.15625,
    "E37000056": 0.1875,
    "E37000057": 0.0625,
    "E37000059": 0.053125
  },
  "Rayleigh": {
    "E37000056": 1.0
  },
  "Redbridge Supergrid 33kV": {
    "E37000051": 1.0
  },
  "Rye House": {
    "E37000048": 0.536842105263,
    "E37000056": 0.463157894737
  },
  "Sellindge SGT2 & 3 & Richborough SGT": {
    "E37000056": 1.0
  },
  "Sellindge SGT5A SGT6": {
    "E37000056": 1.0
  },
  "St Johns Wood 132kV": {
    "E37000051": 1.0
  },
  "Sundon": {
    "E37000043": 0.174603174603,
    "E37000048": 0.081349206349,
    "E37000053": 0.001984126984,
    "E37000057": 0.724206349206
  },
  "Tilbury 1&7": {
    "E37000051": 0.224137931034,
    "E37000056": 0.775862068966
  },
  "Tilbury 2&8": {
    "E37000056": 1.0
  },
  "Tottenham": {
    "E37000051": 1.0
  },
  "Walpole": {
    "E37000052": 0.394495412844,
    "E37000057": 0.006116207951,
    "E37000059": 0.593272171254,
    "E37000060": 0.006116207951
  },
  "Warley": {
    "E37000051": 0.479289940828,
    "E37000056": 0.520710059172
  },
  "Watford South 2 and 4": {
    "E37000051": 0.880952380952
  },
  "West Ham 132kV": {
    "E37000051": 1.0
  },
  "West Thurrock": {
    "E37000056": 1.0
  },
  "West Weybridge SGT": {
    "E37000044": 0.176245210728,
    "E37000046": 0.800766283525
  },
  "Willesden": {
    "E37000051": 0.976744186047
  },
  "Willesden Grid 132kV": {
    "E37000051": 0.992700729927
  },
  "Willesden Grid 66 kV": {
    "E37000051": 0.942857142857
  },
  "Wimbledon Grid South 3/4": {
    "E37000051": 1.0
  }
}