{
  "Acton Lane 22kV": {
    "E09000005": 0.775,
    "E09000007": 0.225
  },
  "Amersham": {
    "E06000060": 0.622222222222,
    "E07000179": 0.311111111111
  },
  "Barking 132": {
    "E07000072": 0.014925373134,
    "E09000002": 0.10447761194,
    "E09000016": 0.865671641791,
    "E09000026": 0.014925373134
  },
  "Barking 132kV GIS": {
    "E09000025": 1.0
  },
  "Barking West (EPN)": {
    "E09000002": 1.0
  },
  "Barking West 33kV": {
    "E09000002": 0.318518518519,
    "E09000004": 0.155555555556,
    "E09000011": 0.281481481481,
    "E09000012": 0.059259259259,
    "E09000016": 0.007407407407,
    "E09000025": 0.007407407407,
    "E09000030": 0.17037037037
  },
  "Beddington 132kV Hurst 132kV": {
    "E09000004": 0.009090909091,
    "E09000011": 0.490909090909
  },
  "Beddington SGT": {
    "E07000111": 0.009819967267,
    "E07000208": 0.003273322422,
    "E07000211": 0.055646481178,
    "E07000215": 0.054009819967,
    "E09000004": 0.004909983633,
    "E09000006": 0.299509001637,
    "E09000008": 0.374795417349,
    "E09000022": 0.001636661211,
    "E09000023": 0.006546644845,
    "E09000024": 0.001636661211,
    "E09000029": 0.18821603928
  },
  "Bengeworth Road 132kV GIS": {
    "E09000011": 0.114457831325,
    "E09000022": 0.326470588235,
    "E09000023": 0.186746987952,
    "E09000028": 0.232246633593,
    "E09000030": 0.078313253012,
    "E09000032": 0.061764705882
  },
  "Biggleswade": {
    "E06000055": 0.025641025641,
    "E06000056": 0.198717948718,
    "E06000061": 0.012820512821,
    "E07000011": 0.634615384615,
    "E07000012": 0.115384615385
  },
  "Bolney SGT": {
    "E06000043": 0.25386996904,
    "E07000063": 0.004643962848,
    "E07000065": 0.00773993808,
    "E07000209": 0.003095975232,
    "E07000210": 0.015479876161,
    "E07000211": 0.086687306502,
    "E07000215": 0.010835913313,
    "E07000216": 0.018575851393,
    "E07000223": 0.065015479876,
    "E07000224": 0.066563467492,
    "E07000225": 0.003095975232,
    "E07000226": 0.103715170279,
    "E07000227": 0.130030959752,
    "E07000228": 0.116099071207,
    "E07000229": 0.105263157895
  },
  "Bourne": {
    "E06000031": 0.360856269113,
    "E06000061": 0.006116207951,
    "E07000009": 0.024464831804,
    "E07000010": 0.17125382263,
    "E07000011": 0.036697247706,
    "E07000140": 0.006116207951,
    "E07000143": 0.091743119266,
    "E07000146": 0.272171253823,
    "E07000147": 0.030581039755
  },
  "Braintree": {
    "E06000033": 0.198895027624,
    "E07000066": 0.116022099448,
    "E07000067": 0.14364640884,
    "E07000069": 0.022099447514,
    "E07000070": 0.202578268877,
    "E07000071": 0.14364640884,
    "E07000074": 0.075506445672,
    "E07000075": 0.09576427256,
    "E07000077": 0.001841620626
  },
  "Bramford": {
    "E07000009": 0.001941747573,
    "E07000071": 0.07572815534,
    "E07000076": 0.172815533981,
    "E07000143": 0.040776699029,
    "E07000146": 0.005825242718,
    "E07000149": 0.04854368932,
    "E07000200": 0.052427184466,
    "E07000202": 0.165048543689,
    "E07000203": 0.11067961165,
    "E07000244": 0.184466019417,
    "E07000245": 0.141747572816
  },
  "Brimsdown": {
    "E07000072": 0.197183098592,
    "E09000026": 0.802816901408
  },
  "Brimsdown (EPN)": {
    "E07000072": 0.07421875,
    "E07000073": 0.005859375,
    "E07000095": 0.091796875,
    "E07000098": 0.078125,
    "E07000240": 0.017578125,
    "E07000241": 0.037109375,
    "E07000242": 0.001953125,
    "E09000003": 0.22265625,
    "E09000010": 0.357421875,
    "E09000014": 0.01171875,
    "E09000015": 0.01171875,
    "E09000026": 0.021484375,
    "E09000031": 0.068359375
  },
  "Burwell": {
    "E07000008": 0.397959183673,
    "E07000009": 0.214285714286,
    "E07000012": 0.326530612245,
    "E07000245": 0.061224489796
  },
  "Canterbury SGT": {
    "E07000110": 0.987179487179,
    "E07000115": 0.012820512821
  },
  "Chessington SGT 1 & SGT 4A": {
    "E07000207": 0.398148148148,
    "E07000208": 0.388888888889,
    "E09000021": 0.157407407407,
    "E09000029": 0.055555555556
  },
  "Chessington SGT 2 & SGT 4B": {
    "E07000207": 0.131313131313,
    "E07000213": 0.010101010101,
    "E09000018": 0.010101010101,
    "E09000021": 0.515151515152,
    "E09000027": 0.30303030303
  },
  "City Road 132kV": {
    "E09000001": 0.071428571429,
    "E09000007": 0.057142857143,
    "E09000012": 0.2,
    "E09000019": 0.1,
    "E09000028": 0.571428571429
  },
  "Eaton Socon": {
    "E06000055": 0.025641025641,
    "E06000056": 0.198717948718,
    "E06000061": 0.012820512821,
    "E07000011": 0.634615384615,
    "E07000012": 0.115384615385
  },
  "Elstree 1&2 and 8&9 and Watford South 3A&3B": {
    "E06000060": 0.10663507109,
    "E07000096": 0.196682464455,
    "E07000098": 0.054502369668,
    "E07000102": 0.130331753555,
    "E07000103": 0.137440758294,
    "E07000240": 0.004739336493,
    "E09000005": 0.075829383886,
    "E09000009": 0.009478672986,
    "E09000015": 0.14691943128,
    "E09000017": 0.111374407583
  },
  "Elstree 3&4": {
    "E07000240": 0.85,
    "E07000241": 0.15
  },
  "Grendon": {
    "E06000032": 0.248015873016,
    "E06000042": 0.007936507937,
    "E06000055": 0.222222222222,
    "E06000056": 0.246031746032,
    "E06000060": 0.174603174603,
    "E07000096": 0.025793650794,
    "E07000099": 0.003968253968,
    "E07000177": 0.001984126984,
    "E07000240": 0.051587301587
  },
  "Hackney 132kV": {
    "E09000001": 0.022222222222,
    "E09000012": 0.488888888889,
    "E09000019": 0.177777777778,
    "E09000025": 0.044444444444,
    "E09000030": 0.266666666667
  },
  "Hackney Supergrid 66kV": {
    "E09000012": 0.349282296651,
    "E09000019": 0.076555023923,
    "E09000025": 0.1004784689,
    "E09000026": 0.057416267943,
    "E09000031": 0.416267942584
  },
  "Islington 132kV": {
    "E09000007": 0.470588235294,
    "E09000012": 0.006535947712,
    "E09000019": 0.503267973856,
    "E09000033": 0.019607843137
  },
  "Kemsley SGT": {
    "E06000035": 0.285714285714,
    "E07000113": 0.714285714286
  },
  "Kemsley SGT 3A": {
    "E06000035": 0.285714285714,
    "E07000113": 0.714285714286
  },
  "Kemsley SGT1 & 2": {
    "E06000035": 0.285714285714,
    "E07000113": 0.714285714286
  },
  "Kingsnorth SGT": {
    "E06000035": 0.860606060606,
    "E07000109": 0.018181818182,
    "E07000110": 0.018181818182,
    "E07000115": 0.10303030303
  },
  "Laleham SGT": {
    "E09000018": 0.013888888889,
    "E09000021": 0.013888888889,
    "E09000027": 0.847222222222
  },
  "Little Horsted SGT": {
    "E06000043": 0.003003003003,
    "E07000061": 0.18018018018,
    "E07000062": 0.159159159159,
    "E07000063": 0.177177177177,
    "E07000064": 0.144144144144,
    "E07000065": 0.273273273273,
    "E07000110": 0.024024024024,
    "E07000116": 0.039039039039
  },
  "Littlebrook 132kV": {
    "E07000107": 0.28,
    "E09000004": 0.72
  },
  "Littlebrook SGT": {
    "E07000107": 0.68,
    "E09000004": 0.12,
    "E09000006": 0.2
  },
  "Lodge Road 66kV": {
    "E09000007": 0.441860465116,
    "E09000020": 0.313953488372,
    "E09000033": 0.244186046512
  },
  "Mill Hill and Hendon": {
    "E09000003": 0.76,
    "E09000005": 0.168,
    "E09000015": 0.072
  },
  "New Cross 132kV": {
    "E09000011": 0.114457831325,
    "E09000022": 0.326470588235,
    "E09000023": 0.186746987952,
    "E09000028": 0.232246633593,
    "E09000030": 0.078313253012,
    "E09000032": 0.061764705882
  },
  "New Cross 132kV to Wimbledon 1 and 2 132kV": {
    "E09000011": 0.114457831325,
    "E09000022": 0.326470588235,
    "E09000023": 0.186746987952,
    "E09000028": 0.232246633593,
    "E09000030": 0.078313253012,
    "E09000032": 0.061764705882
  },
  "New Cross 66kV": {
    "E09000022": 0.05376344086,
    "E09000023": 0.225806451613,
    "E09000028": 0.720430107527
  },
  "Ninfield SGT": {
    "E06000043": 0.003003003003,
    "E07000061": 0.18018018018,
    "E07000062": 0.159159159159,
    "E07000063": 0.177177177177,
    "E07000064": 0.144144144144,
    "E07000065": 0.273273273273,
    "E07000110": 0.024024024024,